{
  "generated_at_utc": "2026-04-13T14:05:33.195714+00:00",
  "source_image_glob": "manual_annotation_before_after",
  "sample_count": 2,
  "latest_image_size_px": {
    "width": 1920,
    "height": 1080
  },
  "median_geometry_for_latest_size": {
    "outer_sheet": {
      "corners_px": [
        [
          650.5,
          98.0
        ],
        [
          1413.0,
          78.5
        ],
        [
          1464.0,
          959.5
        ],
        [
          638.5,
          970.4999389648438
        ]
      ],
      "corners_norm": [
        [
          0.3388020694255829,
          0.09074074029922485
        ],
        [
          0.7359374761581421,
          0.07268518209457397
        ],
        [
          0.762499988079071,
          0.8884259462356567
        ],
        [
          0.33255207538604736,
          0.8986110687255859
        ]
      ],
      "bbox_xywh_px": [
        638.5,
        78.5,
        825.5,
        891.9999389648438
      ],
      "bbox_xywh_norm": [
        0.33255208333333336,
        0.07268518518518519,
        0.42994791666666665,
        0.8259258694118924
      ],
      "area_px2": 696436.8501739502,
      "area_ratio_image": 0.33585882049283866
    },
    "chessboard": {
      "corners_px": [
        [
          742.5,
          182.0
        ],
        [
          1323.0,
          169.50001525878906
        ],
        [
          1347.4998779296875,
          754.5000610351562
        ],
        [
          746.0,
          766.0
        ]
      ],
      "corners_norm": [
        [
          0.38671875,
          0.16851851344108582
        ],
        [
          0.6890624761581421,
          0.15694445371627808
        ],
        [
          0.7018228769302368,
          0.6986111402511597
        ],
        [
          0.38854166865348816,
          0.7092592716217041
        ]
      ],
      "bbox_xywh_px": [
        742.5,
        169.50001525878906,
        604.9998779296875,
        596.4999847412109
      ],
      "bbox_xywh_norm": [
        0.38671875,
        0.15694445857295283,
        0.3151041030883789,
        0.5523148006863065
      ],
      "area_px2": 345607.4765853891,
      "area_ratio_image": 0.16667027227304645
    }
  },
  "per_image": [
    {
      "image_path": "debug_output/before_latest.png",
      "image_size_px": {
        "width": 1920,
        "height": 1080
      },
      "outer_sheet": {
        "corners_px": [
          [
            650.0,
            98.0
          ],
          [
            1412.0,
            79.0
          ],
          [
            1465.0,
            962.0
          ],
          [
            639.0,
            969.0
          ]
        ],
        "corners_norm": [
          [
            0.3385416567325592,
            0.09074074029922485
          ],
          [
            0.7354166507720947,
            0.07314814627170563
          ],
          [
            0.7630208134651184,
            0.8907407522201538
          ],
          [
            0.33281248807907104,
            0.8972222208976746
          ]
        ],
        "bbox_xywh_px": [
          639.0,
          79.0,
          826.0,
          890.0
        ],
        "bbox_xywh_norm": [
          0.3328125,
          0.07314814814814814,
          0.43020833333333336,
          0.8240740740740741
        ],
        "area_px2": 696611.0,
        "area_ratio_image": 0.3359428047839506
      },
      "chessboard": {
        "corners_px": [
          [
            741.0,
            184.0
          ],
          [
            1324.0,
            168.0
          ],
          [
            1346.0,
            756.0
          ],
          [
            746.0,
            765.0
          ]
        ],
        "corners_norm": [
          [
            0.38593751192092896,
            0.17037037014961243
          ],
          [
            0.6895833611488342,
            0.15555556118488312
          ],
          [
            0.7010416388511658,
            0.699999988079071
          ],
          [
            0.38854166865348816,
            0.7083333134651184
          ]
        ],
        "bbox_xywh_px": [
          741.0,
          168.0,
          605.0,
          597.0
        ],
        "bbox_xywh_norm": [
          0.3859375,
          0.15555555555555556,
          0.3151041666666667,
          0.5527777777777778
        ],
        "area_px2": 345900.5,
        "area_ratio_image": 0.1668115837191358
      },
      "annotation_source": "manual_click"
    },
    {
      "image_path": "debug_output/after_latest.png",
      "image_size_px": {
        "width": 1920,
        "height": 1080
      },
      "outer_sheet": {
        "corners_px": [
          [
            651.0,
            98.0
          ],
          [
            1414.0,
            78.0
          ],
          [
            1463.0,
            957.0
          ],
          [
            638.0,
            972.0
          ]
        ],
        "corners_norm": [
          [
            0.33906251192092896,
            0.09074074029922485
          ],
          [
            0.7364583611488342,
            0.07222222536802292
          ],
          [
            0.7619791626930237,
            0.8861111402511597
          ],
          [
            0.3322916626930237,
            0.8999999761581421
          ]
        ],
        "bbox_xywh_px": [
          638.0,
          78.0,
          825.0,
          894.0
        ],
        "bbox_xywh_norm": [
          0.33229166666666665,
          0.07222222222222222,
          0.4296875,
          0.8277777777777777
        ],
        "area_px2": 696256.0,
        "area_ratio_image": 0.33577160493827163
      },
      "chessboard": {
        "corners_px": [
          [
            744.0,
            180.0
          ],
          [
            1322.0,
            171.0
          ],
          [
            1349.0,
            753.0
          ],
          [
            746.0,
            767.0
          ]
        ],
        "corners_norm": [
          [
            0.38749998807907104,
            0.1666666716337204
          ],
          [
            0.6885416507720947,
            0.15833333134651184
          ],
          [
            0.7026041746139526,
            0.6972222328186035
          ],
          [
            0.38854166865348816,
            0.710185170173645
          ]
        ],
        "bbox_xywh_px": [
          744.0,
          171.0,
          605.0,
          596.0
        ],
        "bbox_xywh_norm": [
          0.3875,
          0.15833333333333333,
          0.3151041666666667,
          0.5518518518518518
        ],
        "area_px2": 345314.0,
        "area_ratio_image": 0.16652874228395062
      },
      "annotation_source": "manual_click"
    }
  ],
  "turn_annotation": {
    "before_image": "debug_output/before_latest.png",
    "after_image": "debug_output/after_latest.png",
    "before": {
      "outer_sheet": {
        "corners_px": [
          [
            650.0,
            98.0
          ],
          [
            1412.0,
            79.0
          ],
          [
            1465.0,
            962.0
          ],
          [
            639.0,
            969.0
          ]
        ],
        "corners_norm": [
          [
            0.3385416567325592,
            0.09074074029922485
          ],
          [
            0.7354166507720947,
            0.07314814627170563
          ],
          [
            0.7630208134651184,
            0.8907407522201538
          ],
          [
            0.33281248807907104,
            0.8972222208976746
          ]
        ],
        "bbox_xywh_px": [
          639.0,
          79.0,
          826.0,
          890.0
        ],
        "bbox_xywh_norm": [
          0.3328125,
          0.07314814814814814,
          0.43020833333333336,
          0.8240740740740741
        ],
        "area_px2": 696611.0,
        "area_ratio_image": 0.3359428047839506
      },