{
  "generated_by": "run_pi_software_bridge.py",
  "source": "manual_startup_geometry",
  "source_image": "debug_output/before_latest.png",
  "latest_image_size_px": {
    "width": 1920,
    "height": 1080
  },
  "median_geometry_for_latest_size": {
    "outer_sheet": {
      "corners_px": [
        [
          672.1856866537718,
          113.19587628865979
        ],
        [
          1439.0715667311413,
          70.51546391752578
        ],
        [
          1505.9187620889747,
          959.3814432989691
        ],
        [
          679.6131528046421,
          983.5051546391752
        ]
      ],
      "corners_norm": [
        [
          0.35009671179883944,
          0.10481099656357389
        ],
        [
          0.7495164410058027,
          0.06529209621993128
        ],
        [
          0.7843326885880076,
          0.8883161512027492
        ],
        [
          0.35396518375241776,
          0.9106529209621993
        ]
      ],
      "bbox_xywh_px": [
        672.1856866537718,
        70.51546391752578,
        833.733075435203,
        912.9896907216494
      ],
      "bbox_xywh_norm": [
        0.35009671179883944,
        0.06529209621993128,
        0.4342359767891682,
        0.8453608247422679
      ]
    },
    "chessboard": {
      "corners_px": [
        [
          763.1721470019343,
          198.55670103092783
        ],
        [
          1348.0851063829787,
          165.15463917525773
        ],
        [
          1385.2224371373306,
          758.9690721649484
        ],
        [
          778.027079303675,
          777.5257731958762
        ]
      ],
      "corners_norm": [
        [
          0.39748549323017407,
          0.1838487972508591
        ],
        [
          0.7021276595744681,
          0.1529209621993127
        ],
        [
          0.7214700193423597,
          0.7027491408934707
        ],
        [
          0.40522243713733075,
          0.7199312714776632
        ]
      ],
      "bbox_xywh_px": [
        763.1721470019343,
        165.15463917525773,
        622.0502901353964,
        612.3711340206185
      ],
      "bbox_xywh_norm": [
        0.39748549323017407,
        0.1529209621993127,
        0.3239845261121856,
        0.5670103092783504
      ]
    }
  },
  "per_image": [
    {
      "image_path": "debug_output/before_latest.png",
      "image_size_px": {
        "width": 1920,
        "height": 1080
      },
      "outer_sheet": {
        "corners_px": [
          [
            672.1856866537718,
            113.19587628865979
          ],
          [
            1439.0715667311413,
            70.51546391752578
          ],
          [
            1505.9187620889747,
            959.3814432989691
          ],
          [
            679.6131528046421,
            983.5051546391752
          ]
        ],
        "corners_norm": [
          [
            0.35009671179883944,
            0.10481099656357389
          ],
          [
            0.7495164410058027,
            0.06529209621993128
          ],
          [
            0.7843326885880076,
            0.8883161512027492
          ],
          [
            0.35396518375241776,
            0.9106529209621993
          ]
        ],
        "bbox_xywh_px": [
          672.1856866537718,
          70.51546391752578,
          833.733075435203,
          912.9896907216494
        ],
        "bbox_xywh_norm": [
          0.35009671179883944,
          0.06529209621993128,
          0.4342359767891682,
          0.8453608247422679
        ]
      },
      "chessboard": {
        "corners_px": [
          [
            763.1721470019343,
            198.55670103092783
          ],
          [
            1348.0851063829787,
            165.15463917525773
          ],
          [
            1385.2224371373306,
            758.9690721649484
          ],
          [
            778.027079303675,
            777.5257731958762
          ]
        ],
        "corners_norm": [
          [
            0.39748549323017407,
            0.1838487972508591
          ],
          [
            0.7021276595744681,
            0.1529209621993127
          ],
          [
            0.7214700193423597,
            0.7027491408934707
          ],
          [
            0.40522243713733075,
            0.7199312714776632
          ]
        ],
        "bbox_xywh_px": [
          763.1721470019343,
          165.15463917525773,
          622.0502901353964,
          612.3711340206185
        ],
        "bbox_xywh_norm": [
          0.39748549323017407,
          0.1529209621993127,
          0.3239845261121856,
          0.5670103092783504
        ]
      },
      "annotation_source": "manual_startup_click"
    }
  ]
}