{
  "generated_at_utc": "2026-03-29T23:57:08.963201+00:00",
  "source_image_glob": "debug_output/turn_run_*/before_latest.png",
  "sample_count": 1,
  "latest_image_size_px": {
    "width": 1920,
    "height": 1080
  },
  "median_geometry_for_latest_size": {
    "outer_sheet": {
      "corners_px": [
        [
          646.0,
          127.0
        ],
        [
          1415.0,
          79.0
        ],
        [
          1463.0,
          958.0
        ],
        [
          636.0,
          968.0
        ]
      ],
      "corners_norm": [
        [
          0.33645832538604736,
          0.11759259551763535
        ],
        [
          0.7369791865348816,
          0.07314814627170563
        ],
        [
          0.7619791626930237,
          0.8870370388031006
        ],
        [
          0.33125001192092896,
          0.8962963223457336
        ]
      ],
      "bbox_xywh_px": [
        636.0,
        79.0,
        827.0,
        889.0
      ],
      "bbox_xywh_norm": [
        0.33125,
        0.07314814814814814,
        0.43072916666666666,
        0.8231481481481482
      ],
      "area_px2": 686831.0,
      "area_ratio_image": 0.33122636959876545
    },
    "chessboard": {
      "corners_px": [
        [
          742.0,
          185.0
        ],
        [
          1322.0,
          167.0
        ],
        [
          1349.0,
          756.0
        ],
        [
          746.0,
          769.0
        ]
      ],
      "corners_norm": [
        [
          0.3864583373069763,
          0.17129629850387573
        ],
        [
          0.6885416507720947,
          0.1546296328306198
        ],
        [
          0.7026041746139526,
          0.699999988079071
        ],
        [
          0.38854166865348816,
          0.7120370268821716
        ]
      ],
      "bbox_xywh_px": [
        742.0,
        167.0,
        607.0,
        602.0
      ],
      "bbox_xywh_norm": [
        0.38645833333333335,
        0.15462962962962962,
        0.31614583333333335,
        0.5574074074074075
      ],
      "area_px2": 347155.0,
      "area_ratio_image": 0.1674165702160494
    }
  },
  "per_image": [
    {
      "image_path": "debug_output/turn_run_20260329_195225/before_latest.png",
      "image_size_px": {
        "width": 1920,
        "height": 1080
      },
      "outer_sheet": {
        "corners_px": [
          [
            646.0,
            127.0
          ],
          [
            1415.0,
            79.0
          ],
          [
            1463.0,
            958.0
          ],
          [
            636.0,
            968.0
          ]
        ],
        "corners_norm": [
          [
            0.33645832538604736,
            0.11759259551763535
          ],
          [
            0.7369791865348816,
            0.07314814627170563
          ],
          [
            0.7619791626930237,
            0.8870370388031006
          ],
          [
            0.33125001192092896,
            0.8962963223457336
          ]
        ],
        "bbox_xywh_px": [
          636.0,
          79.0,
          827.0,
          889.0
        ],
        "bbox_xywh_norm": [
          0.33125,
          0.07314814814814814,
          0.43072916666666666,
          0.8231481481481482
        ],
        "area_px2": 686831.0,
        "area_ratio_image": 0.33122636959876545
      },
      "chessboard": {
        "corners_px": [
          [
            742.0,
            185.0
          ],
          [
            1322.0,
            167.0
          ],
          [
            1349.0,
            756.0
          ],
          [
            746.0,
            769.0
          ]
        ],
        "corners_norm": [
          [
            0.3864583373069763,
            0.17129629850387573
          ],
          [
            0.6885416507720947,
            0.1546296328306198
          ],
          [
            0.7026041746139526,
            0.699999988079071
          ],
          [
            0.38854166865348816,
            0.7120370268821716
          ]
        ],
        "bbox_xywh_px": [
          742.0,
          167.0,
          607.0,
          602.0
        ],
        "bbox_xywh_norm": [
          0.38645833333333335,
          0.15462962962962962,
          0.31614583333333335,
          0.5574074074074075
        ],
        "area_px2": 347155.0,
        "area_ratio_image": 0.1674165702160494
      }
    }
  ]
}