{
  "board_size": [
    8,
    8
  ],
  "roi": [
    200,
    100,
    1400,
    900
  ],
  "image_points": [
    [
      200.0,
      100.0
    ],
    [
      1600.0,
      100.0
    ],
    [
      1600.0,
      1000.0
    ],
    [
      200.0,
      1000.0
    ]
  ],
  "board_points": [
    [
      0.0,
      0.0
    ],
    [
      8.0,
      0.0
    ],
    [
      8.0,
      8.0
    ],
    [
      0.0,
      8.0
    ]
  ],
  "homography": [
    [
      0.005714285714285714,
      0.0,
      -1.1428571428571432
    ],
    [
      0.0,
      0.008888888888888892,
      -0.8888888888888915
    ],
    [
      0.0,
      0.0,
      1.0
    ]
  ],
  "created_at": "2026-03-29T04:42:20.548725+00:00"
}