{
  "generated_from": "debug_output/board_analysis_reference_lock_test2/analysis.json",
  "image_size_px": {
    "width": 1920,
    "height": 1080
  },
  "locked_geometry_source": "reference:before_geometry_reference.json",
  "reference_grid_overlays": {
    "before_grid_overlay": "configs/reference_overlays/lock_test2/before_grid_overlay.png",
    "after_grid_overlay": "configs/reference_overlays/lock_test2/after_grid_overlay.png"
  },
  "outer_sheet": {
    "corners_px": [
      [
        646.0,
        127.0
      ],
      [
        1415.0,
        79.0
      ],
      [
        1463.0,
        958.0
      ],
      [
        636.0,
        968.0
      ]
    ],
    "corners_norm": [
      [
        0.33645833333333336,
        0.1175925925925926
      ],
      [
        0.7369791666666666,
        0.07314814814814814
      ],
      [
        0.7619791666666667,
        0.8870370370370371
      ],
      [
        0.33125,
        0.8962962962962963
      ]
    ],
    "area_ratio_image": 0.33122636959876545
  },
  "chessboard": {
    "corners_px": [
      [
        742.0,
        185.0
      ],
      [
        1322.0,
        167.0
      ],
      [
        1349.0,
        756.0
      ],
      [
        746.0,
        769.0
      ]
    ],
    "corners_norm": [
      [
        0.38645833333333335,
        0.1712962962962963
      ],
      [
        0.6885416666666667,
        0.15462962962962962
      ],
      [
        0.7026041666666667,
        0.7
      ],
      [
        0.3885416666666667,
        0.712037037037037
      ]
    ],
    "area_ratio_image": 0.1674165702160494
  },
  "notes": [
    "Use for rough expected size/location sanity checks.",
    "If camera mount changes, regenerate from a new good run.",
    "Analyzer runtime lock still uses configs/before_geometry_reference.json by default."
  ]
}
